URL,Last crawled
https://aiprofitlab.io/academy-ar/,1969-12-31
https://aiprofitlab.io/academy/ar/ai-for-managers/,1969-12-31
https://aiprofitlab.io/academy/ar/llm-differences/,1969-12-31
https://aiprofitlab.io/academy/ar/whatsapp-receptionist/,1969-12-31
https://aiprofitlab.io/academy/en/llm-differences/,1969-12-31
https://aiprofitlab.io/academy/en/whatsapp-receptionist/,1969-12-31
https://aiprofitlab.io/blog-ar/,1969-12-31
https://aiprofitlab.io/blog/ar/2026-03-28-ceo-dashboard/,1969-12-31
https://aiprofitlab.io/blog/ar/2026-03-28-google-alert/,1969-12-31
https://aiprofitlab.io/blog/ar/2026-03-31-arabic-first-ai-models/,1969-12-31
https://aiprofitlab.io/blog/ar/2026-03-31-arabic-vs-global-ai-models/,1969-12-31
https://aiprofitlab.io/blog/ar/2026-04-01-notebooklm-guide-for-busy-managers/,1969-12-31
https://aiprofitlab.io/blog/ar/2026-04-04-ai-receptionist-your-business-needs/,1969-12-31
https://aiprofitlab.io/blog/ar/2026-04-06-ai-admin-automation/,1969-12-31
https://aiprofitlab.io/blog/ar/2026-04-14-ai-ethics-sharia-compliance/,1969-12-31
https://aiprofitlab.io/blog/ar/2026-04-14-sovereign-ai-data-borders/,1969-12-31
https://aiprofitlab.io/blog/ar/2026-04-19-ai-automation-agency-worth-it/,1969-12-31
https://aiprofitlab.io/blog/ar/2026-04-19-ai-logistics-roi-oman-uae/,1969-12-31
https://aiprofitlab.io/blog/ar/2026-04-19-b2b-ai-automation-cost-roi/,1969-12-31
https://aiprofitlab.io/blog/ar/2026-04-19-build-ai-whatsapp-receptionist/,1969-12-31
https://aiprofitlab.io/blog/ar/2026-04-19-stop-losing-leads-whatsapp-ai/,1969-12-31
https://aiprofitlab.io/blog/ar/2026-04-20-whatsapp-api-vs-ai-automation/,1969-12-31
https://aiprofitlab.io/blog/ar/2026-04-21-ai-oil-gas-workflow-automation/,1969-12-31
https://aiprofitlab.io/blog/ar/2026-04-22-b2b-lead-generation-automation-civil-engineering/,1969-12-31
https://aiprofitlab.io/blog/ar/2026-04-23-logistics-automation-fleet-managers/,1969-12-31
https://aiprofitlab.io/blog/ar/2026-04-23-n8n-vs-make-automation-scaling/,1969-12-31
https://aiprofitlab.io/blog/ar/2026-04-25-custom-api-vs-native-integrations/,1969-12-31
https://aiprofitlab.io/blog/ar/2026-04-28-ai-automation-cost-uae-businesses/,1969-12-31
https://aiprofitlab.io/blog/ar/2026-04-28-ai-automation-roi-2025-guide/,1969-12-31
https://aiprofitlab.io/blog/ar/2026-04-28-ai-automation-saudi-sme-worth-it/,1969-12-31
https://aiprofitlab.io/blog/ar/2026-04-28-qatar-businesses-ai-automation/,1969-12-31
https://aiprofitlab.io/blog/ar/2026-05-02-ai-special-zone-muscat-royal-decree/,1969-12-31
https://aiprofitlab.io/blog/ar/2026-05-05-oman-vision-2040-ai-goals/,1969-12-31
https://aiprofitlab.io/blog/ar/2026-05-05-omantel-otech-sovereign-cloud/,1969-12-31
https://aiprofitlab.io/blog/ar/2026-05-06-maeen-ai-oman-national-llm/,1969-12-31
https://aiprofitlab.io/blog/ar/2026-05-06-oman-lens-ol2-ai-satellite-launch/,1969-12-31
https://aiprofitlab.io/blog/ar/2026-05-07-oman-10-percent-gdp-digital-economy-target/,1969-12-31
https://aiprofitlab.io/blog/ar/2026-05-08-rise-of-agentic-ai-oman/,1969-12-31
https://aiprofitlab.io/blog/ar/2026-05-09-roi-of-ai-muscat-sme-efficiency/,1969-12-31
https://aiprofitlab.io/blog/ar/2026-05-11-preventing-retail-loss-ai-oman-hypermarkets/,1969-12-31
https://aiprofitlab.io/blog/en/2026-03-28-ceo-dashboard/,1969-12-31
https://aiprofitlab.io/blog/en/2026-03-28-google-alert/,1969-12-31
https://aiprofitlab.io/blog/en/2026-03-31-arabic-first-ai-models/,1969-12-31
https://aiprofitlab.io/blog/en/2026-03-31-arabic-vs-global-ai-models/,1969-12-31
https://aiprofitlab.io/blog/en/2026-04-01-notebooklm-guide-for-busy-managers/,1969-12-31
https://aiprofitlab.io/blog/en/2026-04-04-ai-receptionist-your-business-needs/,1969-12-31
https://aiprofitlab.io/blog/en/2026-04-06-ai-admin-automation/,1969-12-31
https://aiprofitlab.io/blog/en/2026-04-06-gcc-ai-search-trends/,1969-12-31
https://aiprofitlab.io/blog/en/2026-04-19-ai-automation-agency-worth-it/,1969-12-31
https://aiprofitlab.io/blog/en/2026-04-19-ai-logistics-roi-oman-uae/,1969-12-31
https://aiprofitlab.io/blog/en/2026-04-19-b2b-ai-automation-cost-roi/,1969-12-31
https://aiprofitlab.io/blog/en/2026-04-19-build-ai-whatsapp-receptionist/,1969-12-31
https://aiprofitlab.io/blog/en/2026-04-19-stop-losing-leads-whatsapp-ai/,1969-12-31
https://aiprofitlab.io/blog/en/2026-04-20-whatsapp-api-vs-ai-automation/,1969-12-31
https://aiprofitlab.io/blog/en/2026-04-21-ai-oil-gas-workflow-automation/,1969-12-31
https://aiprofitlab.io/blog/en/2026-04-22-b2b-lead-generation-automation-civil-engineering/,1969-12-31
https://aiprofitlab.io/blog/en/2026-04-23-n8n-vs-make-automation-scaling/,1969-12-31
https://aiprofitlab.io/blog/en/2026-04-25-custom-api-vs-native-integrations/,1969-12-31
https://aiprofitlab.io/blog/en/2026-04-28-ai-automation-cost-uae-businesses/,1969-12-31
https://aiprofitlab.io/blog/en/2026-04-28-ai-automation-roi-2025-guide/,1969-12-31
https://aiprofitlab.io/blog/en/2026-04-28-ai-automation-saudi-sme-worth-it/,1969-12-31
https://aiprofitlab.io/blog/en/2026-04-28-qatar-businesses-ai-automation/,1969-12-31
https://aiprofitlab.io/blog/en/2026-05-05-oman-vision-2040-ai-goals/,1969-12-31
https://aiprofitlab.io/blog/en/2026-05-05-omantel-otech-sovereign-cloud/,1969-12-31
https://aiprofitlab.io/blog/en/2026-05-06-maeen-ai-oman-national-llm/,1969-12-31
https://aiprofitlab.io/blog/en/2026-05-06-oman-lens-ol2-ai-satellite-launch/,1969-12-31
https://aiprofitlab.io/blog/en/2026-05-07-oman-10-percent-gdp-digital-economy-target/,1969-12-31
https://aiprofitlab.io/blog/en/2026-05-08-rise-of-agentic-ai-oman/,1969-12-31
https://aiprofitlab.io/blog/en/2026-05-09-roi-of-ai-muscat-sme-efficiency/,1969-12-31
https://aiprofitlab.io/blog/en/2026-05-11-preventing-retail-loss-ai-oman-hypermarkets/,1969-12-31
https://aiprofitlab.io/campaign-roi-simulator-ar/,1969-12-31
https://aiprofitlab.io/campaign-roi-simulator/,1969-12-31
https://aiprofitlab.io/contact/,1969-12-31
https://aiprofitlab.io/customized-ceo-dashboard-demo-ar/,1969-12-31
https://aiprofitlab.io/customized-ceo-dashboard-demo/,1969-12-31
https://aiprofitlab.io/en/about-en/,1969-12-31
https://aiprofitlab.io/en/academy/,1969-12-31
https://aiprofitlab.io/en/blog/,1969-12-31
https://aiprofitlab.io/en/contact-en/,1969-12-31
https://aiprofitlab.io/en/missed-call-simulator-en/,1969-12-31
https://aiprofitlab.io/en/process-en/,1969-12-31
https://aiprofitlab.io/en/whatsapp-receptionist-demo/,1969-12-31
https://aiprofitlab.io/missed-call-simulator-ar/,1969-12-31
https://aiprofitlab.io/process/,1969-12-31
https://aiprofitlab.io/whatsapp-receptionist-demo-ar/,1969-12-31